pc_time,esp_time_ms,filename,edge_density,mean_strength,hand,fingers,min_x,min_y,max_x,max_y,frame_time_ms,frame
2026-04-26 23:02:12,1585,capture_1585.jpg,0.0,0.100001,0,0,-1,-1,-1,-1,172,1
2026-04-26 23:02:23,11850,capture_11850.jpg,0.058081,0.124306,1,1,61,58,104,87,80,39
2026-04-26 23:02:33,22070,capture_22070.jpg,0.018651,0.111551,1,0,160,120,-1,-1,80,77
2026-04-26 23:02:43,32336,capture_32336.jpg,0.013161,0.10658,0,0,-1,-1,-1,-1,81,115
2026-04-26 23:02:53,42556,capture_42556.jpg,0.134887,0.158216,1,2,40,24,115,95,81,153
2026-04-26 23:03:03,52776,capture_52776.jpg,0.175826,0.19064,1,2,40,25,119,95,80,191
2026-04-26 23:03:14,62996,capture_62996.jpg,0.178706,0.190736,1,2,40,28,119,95,80,229
2026-04-26 23:03:24,73216,capture_73216.jpg,0.078883,0.134292,1,2,40,26,81,95,80,267
2026-04-26 23:03:34,83436,capture_83436.jpg,1.9e-05,0.100115,0,0,-1,-1,-1,-1,80,305
2026-04-26 23:03:44,93656,capture_93656.jpg,0.015814,0.111083,0,0,-1,-1,-1,-1,80,343
2026-04-26 23:03:55,103876,capture_103876.jpg,0.089251,0.14661,1,2,40,24,102,95,80,381
2026-04-26 23:04:05,114096,capture_114096.jpg,0.000666,0.100742,0,0,-1,-1,-1,-1,80,419
2026-04-26 23:04:15,124362,capture_124362.jpg,0.126621,0.157257,1,3,40,45,107,95,81,457
2026-04-26 23:04:25,134582,capture_134582.jpg,7e-06,0.100029,0,0,-1,-1,-1,-1,81,495
2026-04-26 23:04:36,144847,capture_144847.jpg,0.050975,0.123711,1,0,41,75,100,95,80,533
2026-04-26 23:04:46,155067,capture_155067.jpg,0.015293,0.110337,0,0,-1,-1,-1,-1,80,571
2026-04-26 23:04:56,165287,capture_165287.jpg,0.056314,0.126624,1,0,80,53,119,95,80,609
2026-04-26 23:05:06,175507,capture_175507.jpg,0.002916,0.102913,0,0,-1,-1,-1,-1,80,647
2026-04-26 23:05:16,185772,capture_185772.jpg,0.0,0.100002,0,0,-1,-1,-1,-1,80,685
2026-04-26 23:05:27,196037,capture_196037.jpg,0.0,0.100001,0,0,-1,-1,-1,-1,80,723
2026-04-26 23:05:37,206302,capture_206302.jpg,0.019299,0.107775,0,0,-1,-1,-1,-1,80,761
2026-04-26 23:05:47,216523,capture_216523.jpg,0.015162,0.108069,0,0,-1,-1,-1,-1,81,799
2026-04-26 23:05:57,226743,capture_226743.jpg,0.003566,0.102607,0,0,-1,-1,-1,-1,81,837
2026-04-26 23:06:08,237008,capture_237008.jpg,0.0,0.100002,0,0,-1,-1,-1,-1,80,875
2026-04-26 23:07:50,339659,capture_339659.jpg,0.0,0.100001,0,0,-1,-1,-1,-1,80,1255
2026-04-26 23:08:01,349924,capture_349924.jpg,0.103202,0.144083,1,2,60,24,116,95,80,1293
2026-04-26 23:08:11,360144,capture_360144.jpg,1.7e-05,0.100056,0,0,-1,-1,-1,-1,80,1331
2026-04-26 23:08:21,370409,capture_370409.jpg,0.106054,0.145305,1,3,62,52,117,95,80,1369
2026-04-26 23:08:31,380630,capture_380630.jpg,0.000577,0.100818,0,0,-1,-1,-1,-1,81,1407
2026-04-26 23:08:42,390895,capture_390895.jpg,0.179884,0.199328,1,3,40,24,119,95,80,1445
2026-04-26 23:08:52,401115,capture_401115.jpg,0.174678,0.199313,1,4,59,35,115,95,80,1483
2026-04-26 23:09:02,411335,capture_411335.jpg,0.035582,0.11491,0,0,-1,-1,-1,-1,80,1521
2026-04-26 23:09:12,421555,capture_421555.jpg,0.047908,0.126444,1,0,83,63,119,95,80,1559
2026-04-26 23:09:22,431775,capture_431775.jpg,1.6e-05,0.100056,0,0,-1,-1,-1,-1,80,1597
2026-04-26 23:09:33,442040,capture_442040.jpg,0.067427,0.129703,1,0,74,60,119,95,80,1635
2026-04-26 23:09:43,452260,capture_452260.jpg,0.058156,0.127508,1,0,53,65,99,95,80,1673
2026-04-26 23:09:53,462526,capture_462526.jpg,0.071553,0.135364,1,1,56,40,99,95,81,1711
2026-04-26 23:10:03,472791,capture_472791.jpg,0.000139,0.100264,0,0,-1,-1,-1,-1,81,1749
2026-04-26 23:10:14,483056,capture_483056.jpg,0.061424,0.132256,1,0,60,70,108,95,80,1787
2026-04-26 23:10:24,493276,capture_493276.jpg,3e-06,0.100013,0,0,-1,-1,-1,-1,80,1825
2026-04-26 23:10:34,503541,capture_503541.jpg,0.174024,0.191461,1,3,40,31,119,95,80,1863
2026-04-26 23:10:44,513761,capture_513761.jpg,0.000226,0.100518,0,0,-1,-1,-1,-1,80,1901
2026-04-26 23:10:55,524026,capture_524026.jpg,0.0,0.100001,0,0,-1,-1,-1,-1,80,1939
2026-04-26 23:11:05,534291,capture_534291.jpg,0.076037,0.139193,1,0,63,64,114,95,80,1977
2026-04-26 23:11:15,544511,capture_544511.jpg,0.12775,0.167945,1,3,63,26,119,95,80,2015
2026-04-26 23:11:25,554732,capture_554732.jpg,0.07527,0.141489,1,1,53,59,119,95,81,2053
2026-04-26 23:11:36,564952,capture_564952.jpg,8.3e-05,0.100212,0,0,-1,-1,-1,-1,81,2091
2026-04-26 23:11:46,575217,capture_575217.jpg,0.0,0.100001,0,0,-1,-1,-1,-1,80,2129
2026-04-26 23:11:56,585482,capture_585482.jpg,0.128734,0.17703,1,0,40,37,119,95,80,2167
2026-04-26 23:12:06,595702,capture_595702.jpg,7.9e-05,0.100246,0,0,-1,-1,-1,-1,80,2205
2026-04-26 23:12:17,605967,capture_605967.jpg,0.0,0.100001,0,0,-1,-1,-1,-1,80,2243
2026-04-26 23:12:27,616232,capture_616232.jpg,0.0,0.100001,0,0,-1,-1,-1,-1,80,2281
2026-04-26 23:12:37,626497,capture_626497.jpg,0.0,0.100001,0,0,-1,-1,-1,-1,80,2319
2026-04-26 23:12:47,636763,capture_636763.jpg,0.0,0.100001,0,0,-1,-1,-1,-1,81,2357
2026-04-26 23:12:58,647028,capture_647028.jpg,0.0,0.100001,0,0,-1,-1,-1,-1,80,2395
2026-04-26 23:13:08,657293,capture_657293.jpg,0.0,0.100001,0,0,-1,-1,-1,-1,80,2433
2026-04-26 23:13:18,667558,capture_667558.jpg,0.0,0.100001,0,0,-1,-1,-1,-1,80,2471
2026-04-26 23:13:28,677823,capture_677823.jpg,0.0,0.100001,0,0,-1,-1,-1,-1,80,2509
2026-04-26 23:13:39,688088,capture_688088.jpg,0.0,0.100001,0,0,-1,-1,-1,-1,80,2547
2026-04-26 23:13:49,698353,capture_698353.jpg,0.103287,0.153309,1,2,54,55,119,95,80,2585
2026-04-26 23:13:59,708573,capture_708573.jpg,0.009312,0.10798,0,0,-1,-1,-1,-1,80,2623
2026-04-26 23:14:10,718839,capture_718839.jpg,0.039752,0.122167,1,1,43,58,64,95,81,2661
2026-04-26 23:14:20,729104,capture_729104.jpg,0.070454,0.139929,1,2,50,58,100,95,80,2699
2026-04-26 23:14:30,739324,capture_739324.jpg,0.01301,0.109728,0,0,-1,-1,-1,-1,80,2737
2026-04-26 23:14:40,749589,capture_749589.jpg,0.09952,0.159103,1,2,40,32,102,95,80,2775
2026-04-26 23:14:51,759809,capture_759809.jpg,0.080733,0.136949,1,3,40,37,119,95,80,2813
2026-04-26 23:15:01,770029,capture_770029.jpg,0.058712,0.131929,1,0,40,52,76,95,80,2851
2026-04-26 23:15:11,780249,capture_780249.jpg,0.085689,0.152352,1,3,40,37,119,95,80,2889
2026-04-26 23:15:21,790469,capture_790469.jpg,9e-06,0.100041,0,0,-1,-1,-1,-1,80,2927
2026-04-26 23:15:31,800735,capture_800735.jpg,0.109864,0.161001,1,3,40,24,113,84,81,2965
2026-04-26 23:15:42,810955,capture_810955.jpg,0.012001,0.108957,0,0,-1,-1,-1,-1,81,3003
2026-04-26 23:15:52,821220,capture_821220.jpg,0.018542,0.111928,0,0,-1,-1,-1,-1,80,3041
2026-04-26 23:16:02,831485,capture_831485.jpg,0.027476,0.118591,1,0,160,120,-1,-1,80,3079
2026-04-26 23:16:13,841750,capture_841750.jpg,0.133682,0.163816,1,3,40,24,106,95,80,3117
2026-04-26 23:16:23,852015,capture_852015.jpg,3e-05,0.100101,0,0,-1,-1,-1,-1,80,3155
2026-04-26 23:16:33,862280,capture_862280.jpg,0.097929,0.157564,1,2,48,56,108,95,80,3193
2026-04-26 23:16:43,872500,capture_872500.jpg,0.131331,0.171177,1,3,46,38,98,95,80,3231
2026-04-26 23:16:53,882721,capture_882721.jpg,0.098221,0.153218,1,3,57,47,119,95,81,3269
2026-04-26 23:17:04,892941,capture_892941.jpg,0.109231,0.163829,1,2,40,46,119,95,81,3307
2026-04-26 23:17:14,903161,capture_903161.jpg,0.130283,0.175809,1,2,40,46,119,95,80,3345
2026-04-26 23:17:24,913381,capture_913381.jpg,3.8e-05,0.100131,0,0,-1,-1,-1,-1,80,3383
2026-04-26 23:17:34,923646,capture_923646.jpg,0.0,0.100001,0,0,-1,-1,-1,-1,80,3421
2026-04-26 23:17:45,933911,capture_933911.jpg,0.128178,0.17954,1,3,40,41,119,95,80,3459
2026-04-26 23:17:55,944131,capture_944131.jpg,0.154724,0.191807,1,3,40,46,116,95,80,3497
2026-04-26 23:18:05,954351,capture_954351.jpg,0.000491,0.10089,0,0,-1,-1,-1,-1,80,3535
2026-04-26 23:18:15,964616,capture_964616.jpg,0.0,0.100001,0,0,-1,-1,-1,-1,80,3573
2026-04-27 19:53:27,11760,capture_11760.jpg,0.078771,0.135878,1,2,55,40,119,95,80,39
2026-04-27 19:53:37,21800,capture_21800.jpg,0.01485,0.109532,0,0,-1,-1,-1,-1,80,77
2026-04-27 19:53:48,32021,capture_32021.jpg,0.026053,0.115134,1,0,-1,-1,-1,-1,81,115
2026-04-27 19:53:58,42061,capture_42061.jpg,0.011602,0.105872,0,0,-1,-1,-1,-1,81,153
2026-04-27 19:54:08,52326,capture_52326.jpg,0.06524,0.128197,1,0,45,70,89,95,81,191
2026-04-27 19:54:18,62591,capture_62591.jpg,0.116751,0.15184,1,2,40,51,119,95,80,230
2026-04-27 19:54:28,72721,capture_72721.jpg,0.012043,0.106738,0,0,-1,-1,-1,-1,80,268
2026-04-27 19:54:38,82896,capture_82896.jpg,0.092543,0.14101,1,0,40,54,119,95,50,306
2026-04-27 19:54:49,93026,capture_93026.jpg,0.02136,0.110661,0,0,-1,-1,-1,-1,80,344
2026-04-27 19:54:59,103246,capture_103246.jpg,0.015229,0.107377,0,0,-1,-1,-1,-1,80,382
2026-04-27 19:55:09,113286,capture_113286.jpg,3e-06,0.100013,0,0,-1,-1,-1,-1,80,420
2026-04-27 19:55:19,123326,capture_123326.jpg,0.0,0.100001,0,0,-1,-1,-1,-1,80,458
2026-04-27 19:55:29,133411,capture_133411.jpg,0.0,0.100001,0,0,-1,-1,-1,-1,80,496
2026-04-27 19:55:39,143451,capture_143451.jpg,0.0,0.100001,0,0,-1,-1,-1,-1,80,534
2026-04-27 19:55:49,153491,capture_153491.jpg,0.0,0.100001,0,0,-1,-1,-1,-1,80,572
2026-04-27 19:55:59,163531,capture_163531.jpg,0.0,0.100001,0,0,-1,-1,-1,-1,80,610
2026-04-27 19:56:09,173616,capture_173616.jpg,0.0,0.100001,0,0,-1,-1,-1,-1,80,648
2026-04-27 19:56:19,183656,capture_183656.jpg,0.0,0.100001,0,0,-1,-1,-1,-1,80,686
2026-04-27 19:56:29,193696,capture_193696.jpg,0.0,0.100001,0,0,-1,-1,-1,-1,80,724
2026-04-27 19:56:39,203736,capture_203736.jpg,0.0,0.100001,0,0,-1,-1,-1,-1,80,762
2026-04-27 19:56:49,213821,capture_213821.jpg,0.0,0.100002,0,0,-1,-1,-1,-1,80,800
2026-04-27 19:56:59,223861,capture_223861.jpg,0.0,0.100001,0,0,-1,-1,-1,-1,80,838
2026-04-27 19:57:09,233901,capture_233901.jpg,0.0,0.100001,0,0,-1,-1,-1,-1,80,876
2026-04-27 19:57:19,243941,capture_243941.jpg,0.0,0.100001,0,0,-1,-1,-1,-1,80,914
2026-04-27 19:57:29,254026,capture_254026.jpg,0.0,0.100001,0,0,-1,-1,-1,-1,80,952
2026-04-27 19:57:40,264066,capture_264066.jpg,0.0,0.100001,0,0,-1,-1,-1,-1,80,990
2026-04-27 19:57:50,274107,capture_274107.jpg,0.0,0.100001,0,0,-1,-1,-1,-1,81,1028
2026-04-27 19:58:00,284147,capture_284147.jpg,0.0,0.100001,0,0,-1,-1,-1,-1,81,1066
2026-04-27 19:58:10,294232,capture_294232.jpg,0.0,0.100001,0,0,-1,-1,-1,-1,81,1104
2026-04-27 19:58:20,304272,capture_304272.jpg,0.0,0.100006,0,0,-1,-1,-1,-1,81,1142
2026-04-27 19:58:30,314312,capture_314312.jpg,0.0,0.10001,0,0,-1,-1,-1,-1,81,1180
2026-04-27 19:58:40,324352,capture_324352.jpg,0.0,0.100001,0,0,-1,-1,-1,-1,81,1218
2026-04-27 19:58:50,334437,capture_334437.jpg,0.0,0.100033,0,0,-1,-1,-1,-1,81,1256
2026-04-27 19:59:00,344567,capture_344567.jpg,0.073299,0.128917,1,4,55,41,116,95,81,1294
2026-04-27 19:59:10,354652,capture_354652.jpg,0.046837,0.121499,1,0,46,26,119,95,80,1332
2026-04-27 19:59:20,364917,capture_364917.jpg,0.086511,0.138546,1,1,63,26,119,95,80,1371
2026-04-27 19:59:31,374957,capture_374957.jpg,0.071537,0.133163,1,0,59,30,119,95,80,1409
2026-04-27 19:59:41,385132,capture_385132.jpg,0.128296,0.155749,1,0,40,31,119,95,80,1447
2026-04-27 19:59:51,395397,capture_395397.jpg,0.11701,0.152112,1,1,42,31,119,95,80,1486
2026-04-27 20:00:01,405662,capture_405662.jpg,0.159653,0.168423,1,2,45,31,119,95,80,1525
2026-04-27 20:00:11,415702,capture_415702.jpg,0.054207,0.124866,1,0,102,32,119,88,80,1563
2026-04-27 20:00:21,425742,capture_425742.jpg,3.9e-05,0.100092,0,0,-1,-1,-1,-1,80,1601
2026-04-27 20:00:31,435872,capture_435872.jpg,0.009581,0.104432,0,0,-1,-1,-1,-1,80,1639
2026-04-27 20:00:41,445957,capture_445957.jpg,0.0,0.100002,0,0,-1,-1,-1,-1,80,1677
2026-04-27 20:00:52,456132,capture_456132.jpg,4.8e-05,0.100081,0,0,-1,-1,-1,-1,80,1715
2026-04-27 20:01:02,466308,capture_466308.jpg,0.0,0.100001,0,0,-1,-1,-1,-1,81,1753
2026-04-27 20:01:12,476483,capture_476483.jpg,0.014015,0.106344,0,0,-1,-1,-1,-1,81,1791
2026-04-27 20:01:22,486658,capture_486658.jpg,2.7e-05,0.100062,0,0,-1,-1,-1,-1,81,1829
2026-04-27 20:01:32,496698,capture_496698.jpg,0.0,0.100001,0,0,-1,-1,-1,-1,80,1867
2026-04-27 20:01:42,506783,capture_506783.jpg,0.0,0.100001,0,0,-1,-1,-1,-1,80,1905
2026-04-27 20:01:52,516868,capture_516868.jpg,0.0,0.100001,0,0,-1,-1,-1,-1,80,1943
2026-04-27 20:02:03,527088,capture_527088.jpg,0.021589,0.110677,0,0,-1,-1,-1,-1,80,1981
2026-04-27 20:02:13,537173,capture_537173.jpg,3e-06,0.100012,0,0,-1,-1,-1,-1,80,2019
2026-05-09 21:30:17,41295,capture_41295.jpg,0.0,0.100001,0,0,-1,-1,-1,-1,80,148
2026-05-09 21:30:35,59124,capture_59124.jpg,0.011439,0.106686,0,0,-1,-1,-1,-1,80,214
2026-05-09 21:30:42,66418,capture_66418.jpg,0.01735,0.107678,0,0,-1,-1,-1,-1,81,241
2026-05-09 21:30:45,69389,capture_69389.jpg,0.023649,0.112236,0,0,-1,-1,-1,-1,80,252
2026-05-09 21:30:51,75062,capture_75062.jpg,0.011606,0.107376,0,0,-1,-1,-1,-1,80,273
2026-05-09 21:30:53,77223,capture_77223.jpg,0.005654,0.103905,0,0,-1,-1,-1,-1,80,281
2026-05-09 21:30:55,79069,capture_79069.jpg,0.005015,0.103509,0,0,-1,-1,-1,-1,80,288
2026-05-09 21:31:00,83886,capture_83886.jpg,0.003841,0.10278,0,0,-1,-1,-1,-1,80,306
2026-05-09 21:31:10,94106,capture_94106.jpg,0.002332,0.102171,0,0,-1,-1,-1,-1,80,344
2026-05-09 21:31:15,99464,capture_99464.jpg,0.002426,0.102159,0,0,-1,-1,-1,-1,80,364
2026-05-09 21:31:19,102931,capture_102931.jpg,0.003898,0.102787,0,0,-1,-1,-1,-1,80,377
2026-05-09 21:31:22,106127,capture_106127.jpg,0.004273,0.102757,0,0,-1,-1,-1,-1,80,389
2026-05-09 21:31:25,109324,capture_109324.jpg,0.004261,0.103065,0,0,-1,-1,-1,-1,80,401
2026-05-09 21:31:28,112791,capture_112791.jpg,0.002504,0.10215,0,0,-1,-1,-1,-1,80,414
2026-05-09 21:31:32,116843,capture_116843.jpg,0.000862,0.101599,0,0,-1,-1,-1,-1,80,429
2026-05-09 21:31:35,119769,capture_119769.jpg,0.00148,0.101947,0,0,-1,-1,-1,-1,80,440
2026-05-09 21:31:41,125127,capture_125127.jpg,0.002063,0.102239,0,0,-1,-1,-1,-1,80,460
2026-05-09 21:31:51,135347,capture_135347.jpg,0.004503,0.104023,0,0,-1,-1,-1,-1,80,498
2026-05-09 21:31:56,140435,capture_140435.jpg,0.003597,0.102359,0,0,-1,-1,-1,-1,81,517
2026-05-09 21:32:00,144171,capture_144171.jpg,0.004692,0.103206,0,0,-1,-1,-1,-1,80,531
2026-05-09 21:32:03,147098,capture_147098.jpg,0.014148,0.108149,0,0,-1,-1,-1,-1,80,542
2026-05-09 21:32:05,149214,capture_149214.jpg,0.021777,0.113189,0,0,-1,-1,-1,-1,80,550
2026-05-09 21:32:10,154031,capture_154031.jpg,0.020068,0.113092,0,0,-1,-1,-1,-1,80,568
2026-05-09 21:32:14,158579,capture_158579.jpg,0.019639,0.112411,0,0,-1,-1,-1,-1,81,585
2026-05-09 21:32:18,162045,capture_162045.jpg,0.016663,0.111508,0,0,-1,-1,-1,-1,80,598
2026-05-09 21:32:28,172266,capture_172266.jpg,0.003494,0.102311,0,0,-1,-1,-1,-1,81,636
2026-05-09 21:32:29,173031,capture_173031.jpg,0.005163,0.103302,0,0,-1,-1,-1,-1,80,639
2026-05-09 21:32:37,181360,capture_181360.jpg,5.9e-05,0.100107,0,0,-1,-1,-1,-1,80,670
2026-05-09 21:32:41,185412,capture_185412.jpg,1e-06,0.100101,0,0,-1,-1,-1,-1,80,685
2026-05-09 21:32:44,188339,capture_188339.jpg,0.0,0.10001,0,0,-1,-1,-1,-1,81,696
2026-05-09 21:32:47,191040,capture_191040.jpg,0.001032,0.100794,0,0,-1,-1,-1,-1,80,706
2026-05-09 21:32:53,196983,capture_196983.jpg,0.004657,0.103857,0,0,-1,-1,-1,-1,80,728
2026-05-09 21:33:03,207203,capture_207203.jpg,0.000498,0.100718,0,0,-1,-1,-1,-1,80,766
2026-05-09 21:33:08,212020,capture_212020.jpg,0.007093,0.104217,0,0,-1,-1,-1,-1,80,784
2026-05-09 21:33:18,222240,capture_222240.jpg,1e-06,0.100006,0,0,-1,-1,-1,-1,80,822
2026-05-09 21:33:25,229534,capture_229534.jpg,0.00634,0.104584,0,0,-1,-1,-1,-1,80,849
2026-05-09 21:33:35,239754,capture_239754.jpg,0.00484,0.102824,0,0,-1,-1,-1,-1,80,887
2026-05-09 21:33:36,239979,capture_239979.jpg,0.006191,0.103814,0,0,-1,-1,-1,-1,50,888
2026-05-09 21:33:38,242095,capture_242095.jpg,0.003462,0.103471,0,0,-1,-1,-1,-1,80,896
2026-05-09 21:33:46,249884,capture_249884.jpg,0.002254,0.103817,0,0,-1,-1,-1,-1,80,925
2026-05-09 21:33:56,260149,capture_260149.jpg,0.0,0.100014,0,0,-1,-1,-1,-1,80,963
2026-05-09 21:34:06,270370,capture_270370.jpg,0.0,0.100001,0,0,-1,-1,-1,-1,81,1001
2026-05-09 21:34:16,280635,capture_280635.jpg,0.022911,0.112409,0,0,-1,-1,-1,-1,81,1039
2026-05-09 21:34:27,290900,capture_290900.jpg,0.019562,0.112351,0,0,-1,-1,-1,-1,80,1077
2026-05-09 21:34:37,301165,capture_301165.jpg,0.021141,0.113612,0,0,-1,-1,-1,-1,80,1115
2026-05-09 21:34:47,311430,capture_311430.jpg,0.020127,0.111763,0,0,-1,-1,-1,-1,80,1153
2026-05-09 21:34:57,321695,capture_321695.jpg,0.000674,0.100777,0,0,-1,-1,-1,-1,80,1191
2026-05-09 21:35:08,331960,capture_331960.jpg,0.0,0.100001,0,0,-1,-1,-1,-1,80,1229
2026-05-09 21:35:18,342225,capture_342225.jpg,0.0,0.100001,0,0,-1,-1,-1,-1,80,1267
2026-05-09 21:35:28,352491,capture_352491.jpg,0.0,0.100001,0,0,-1,-1,-1,-1,81,1305
2026-05-09 21:35:38,362756,capture_362756.jpg,0.0,0.100001,0,0,-1,-1,-1,-1,81,1343
2026-05-11 18:47:54,39617,capture_39617.jpg,0.004707,0.10305,0,0,none,-1,-1,-1,-1,170,106
2026-05-11 18:48:00,44840,capture_44840.jpg,0.001352,0.100868,0,0,none,-1,-1,-1,-1,171,120
2026-05-11 18:48:02,47451,capture_47451.jpg,0.007858,0.103816,0,0,none,-1,-1,-1,-1,170,127
2026-05-11 18:48:04,48982,capture_48982.jpg,0.006666,0.103542,0,0,none,-1,-1,-1,-1,171,131
2026-05-11 18:48:06,50873,capture_50873.jpg,0.012218,0.105981,0,0,none,-1,-1,-1,-1,171,136
2026-05-11 18:48:20,65280,capture_65280.jpg,0.013731,0.106966,0,0,none,-1,-1,-1,-1,170,176
2026-05-11 18:48:22,67261,capture_67261.jpg,0.019981,0.10908,0,0,none,-1,-1,-1,-1,170,181
2026-05-11 18:48:24,69242,capture_69242.jpg,0.022397,0.11008,0,0,none,-1,-1,-1,-1,170,186
2026-05-11 18:48:28,73294,capture_73294.jpg,0.023098,0.11061,0,0,none,-1,-1,-1,-1,170,197
2026-05-11 18:48:30,74915,capture_74915.jpg,0.023371,0.110733,0,0,none,-1,-1,-1,-1,171,201
2026-05-11 18:48:48,92924,capture_92924.jpg,0.000787,0.10083,0,0,none,-1,-1,-1,-1,171,251
2026-05-11 18:48:54,98777,capture_98777.jpg,0.013832,0.106797,0,0,none,-1,-1,-1,-1,171,267
2026-05-11 18:48:57,102108,capture_102108.jpg,0.014323,0.107082,0,0,none,-1,-1,-1,-1,170,276
2026-05-11 18:48:59,104720,capture_104720.jpg,0.01861,0.109134,0,0,none,-1,-1,-1,-1,171,283
2026-05-11 18:49:53,158116,capture_158116.jpg,0.001063,0.100661,0,0,none,-1,-1,-1,-1,170,431
2026-05-11 18:49:55,160367,capture_160367.jpg,0.002985,0.101773,0,0,none,-1,-1,-1,-1,170,437
2026-05-11 18:49:58,163699,capture_163699.jpg,0.002265,0.10152,0,0,none,-1,-1,-1,-1,170,446
2026-05-11 18:50:00,165230,capture_165230.jpg,0.002125,0.101503,0,0,none,-1,-1,-1,-1,171,450
2026-05-11 18:50:02,167121,capture_167121.jpg,0.002418,0.101754,0,0,none,-1,-1,-1,-1,171,455
2026-05-11 18:50:04,169372,capture_169372.jpg,0.001149,0.101044,0,0,none,-1,-1,-1,-1,170,461
2026-05-11 18:50:08,172974,capture_172974.jpg,0.00497,0.102796,0,0,none,-1,-1,-1,-1,171,471
2026-05-11 18:50:13,177746,capture_177746.jpg,0.004722,0.102852,0,0,none,-1,-1,-1,-1,170,484
2026-05-11 18:50:15,180087,capture_180087.jpg,0.007801,0.103983,0,0,none,-1,-1,-1,-1,170,490
2026-05-11 18:50:17,182068,capture_182068.jpg,0.014947,0.10698,0,0,none,-1,-1,-1,-1,170,495
2026-05-11 18:50:25,190172,capture_190172.jpg,0.000144,0.100294,0,0,none,-1,-1,-1,-1,170,517
2026-05-11 18:50:28,193234,capture_193234.jpg,0.000806,0.100634,0,0,none,-1,-1,-1,-1,171,525
2026-05-11 18:50:30,195125,capture_195125.jpg,0.002286,0.10108,0,0,none,-1,-1,-1,-1,171,530
2026-05-11 18:50:32,197466,capture_197466.jpg,0.002348,0.10125,0,0,none,-1,-1,-1,-1,170,536
2026-05-11 18:50:48,212774,capture_212774.jpg,0.0,0.100021,0,0,none,-1,-1,-1,-1,171,578
2026-05-11 19:45:29,106520,capture_106520.jpg,0.004439,0.101598,0,0,none,-1,-1,-1,-1,170,292
2026-05-11 19:45:34,111293,capture_111293.jpg,0.021941,0.11003,1,5,open,64,40,231,188,80,305
2026-05-11 19:46:07,144609,capture_144609.jpg,0.002518,0.101797,0,0,none,-1,-1,-1,-1,170,397
2026-05-11 19:46:10,146861,capture_146861.jpg,0.000448,0.100489,0,0,none,-1,-1,-1,-1,171,403
2026-05-11 19:46:15,152353,capture_152353.jpg,2.7e-05,0.10006,0,0,none,-1,-1,-1,-1,170,418
2026-05-11 19:46:22,159287,capture_159287.jpg,0.007628,0.102623,0,0,none,-1,-1,-1,-1,171,437
2026-05-11 19:46:25,162078,capture_162078.jpg,0.007168,0.103241,1,5,open,91,40,255,199,170,444
2026-05-11 19:46:47,183869,capture_183869.jpg,0.001435,0.100741,0,0,none,-1,-1,-1,-1,170,504
2026-05-11 19:46:49,185850,capture_185850.jpg,0.002925,0.101299,0,0,none,-1,-1,-1,-1,170,509
2026-05-11 19:46:51,188191,capture_188191.jpg,0.004483,0.101915,0,0,none,-1,-1,-1,-1,170,515
2026-05-11 19:46:57,194404,capture_194404.jpg,0.004371,0.101989,0,0,none,-1,-1,-1,-1,170,532
2026-05-11 19:47:01,198546,capture_198546.jpg,0.004588,0.101981,0,0,none,-1,-1,-1,-1,170,543
2026-05-11 19:47:24,220697,capture_220697.jpg,0.001189,0.100562,0,0,none,-1,-1,-1,-1,170,604
2026-05-11 19:47:26,223039,capture_223039.jpg,0.001884,0.100893,0,0,none,-1,-1,-1,-1,171,610
2026-05-11 19:47:28,225020,capture_225020.jpg,0.003152,0.101339,0,0,none,-1,-1,-1,-1,171,615
2026-05-11 19:47:31,227721,capture_227721.jpg,0.004051,0.10172,0,0,none,-1,-1,-1,-1,170,622
2026-05-11 19:47:33,230062,capture_230062.jpg,0.005171,0.102178,0,0,none,-1,-1,-1,-1,170,628
2026-05-11 19:47:42,238796,capture_238796.jpg,0.023954,0.110232,1,5,open,74,40,255,199,170,652
2026-05-11 19:47:45,242218,capture_242218.jpg,0.016579,0.107279,1,5,open,141,40,248,199,170,661
2026-05-11 19:47:48,245280,capture_245280.jpg,0.013677,0.10564,1,5,open,141,40,250,199,171,669
2026-05-11 19:47:50,247261,capture_247261.jpg,0.011751,0.104915,1,5,open,141,41,252,199,171,674
2026-05-11 19:47:54,250682,capture_250682.jpg,0.008807,0.103822,1,5,open,140,40,255,199,170,683
2026-05-11 19:47:55,252663,capture_252663.jpg,0.007418,0.103383,0,0,none,-1,-1,-1,-1,170,688
2026-05-11 19:47:57,254644,capture_254644.jpg,0.011035,0.104333,0,0,none,-1,-1,-1,-1,170,693
2026-05-11 19:47:59,256625,capture_256625.jpg,0.009168,0.103843,1,5,open,140,40,255,199,170,698
2026-05-11 19:55:02,63029,capture_63029.jpg,0.001129,0.100416,0,0,none,-1,-1,-1,-1,171,171
2026-05-11 19:55:08,68882,capture_68882.jpg,0.008106,0.102918,1,1,fist,64,40,255,199,171,187
2026-05-11 19:55:10,70772,capture_70772.jpg,0.013288,0.105318,0,0,none,-1,-1,-1,-1,170,192
2026-05-11 19:55:13,73384,capture_73384.jpg,0.015804,0.106855,0,0,none,-1,-1,-1,-1,170,199
2026-05-11 19:55:15,75995,capture_75995.jpg,0.030633,0.112089,1,1,fist,64,40,255,199,170,206
2026-05-11 19:55:19,80047,capture_80047.jpg,0.019091,0.10881,0,0,none,-1,-1,-1,-1,170,217
2026-05-11 19:55:22,83019,capture_83019.jpg,0.02682,0.111117,0,0,none,-1,-1,-1,-1,171,225
2026-05-11 19:55:24,85000,capture_85000.jpg,0.029338,0.111803,0,0,none,-1,-1,-1,-1,171,230
2026-05-11 19:55:29,89412,capture_89412.jpg,0.027127,0.111167,0,0,none,-1,-1,-1,-1,170,242
2026-05-11 19:55:31,91753,capture_91753.jpg,0.015265,0.106926,1,1,fist,114,66,255,199,170,248
2026-05-11 19:55:42,102648,capture_102648.jpg,0.008017,0.102912,0,0,none,-1,-1,-1,-1,170,278
2026-05-11 19:55:46,106340,capture_106340.jpg,0.006889,0.102755,0,0,none,-1,-1,-1,-1,170,288
2026-05-11 19:55:48,108591,capture_108591.jpg,0.009137,0.103626,0,0,none,-1,-1,-1,-1,170,294
2026-05-11 19:55:51,111563,capture_111563.jpg,0.007775,0.103172,0,0,none,-1,-1,-1,-1,170,302
2026-05-11 19:55:52,113094,capture_113094.jpg,0.006723,0.102994,0,0,none,-1,-1,-1,-1,171,306
2026-05-11 19:56:01,121378,capture_121378.jpg,0.001908,0.100791,0,0,none,-1,-1,-1,-1,170,329
2026-05-11 19:56:04,124349,capture_124349.jpg,0.009461,0.103477,0,0,none,-1,-1,-1,-1,170,337
2026-05-11 19:56:05,125880,capture_125880.jpg,0.011507,0.10432,0,0,none,-1,-1,-1,-1,170,341
2026-05-11 19:56:07,127771,capture_127771.jpg,0.008415,0.103472,0,0,none,-1,-1,-1,-1,170,346
2026-05-11 19:56:09,130022,capture_130022.jpg,0.003709,0.101783,0,0,none,-1,-1,-1,-1,170,352
2026-05-11 19:56:12,132273,capture_132273.jpg,0.002757,0.101476,0,0,none,-1,-1,-1,-1,170,358
2026-05-11 19:56:23,144159,capture_144159.jpg,0.009314,0.103612,0,0,none,-1,-1,-1,-1,170,391
2026-05-11 19:56:30,150732,capture_150732.jpg,0.007638,0.103003,0,0,none,-1,-1,-1,-1,170,409
2026-05-11 19:56:32,152984,capture_152984.jpg,0.008478,0.103341,0,0,none,-1,-1,-1,-1,171,415
2026-05-11 19:56:34,154875,capture_154875.jpg,0.010816,0.10426,0,0,none,-1,-1,-1,-1,171,420
2026-05-11 19:56:35,156045,capture_156045.jpg,0.008522,0.103635,0,0,none,-1,-1,-1,-1,170,423
2026-05-11 19:56:37,157936,capture_157936.jpg,0.007159,0.103149,0,0,none,-1,-1,-1,-1,170,428
2026-05-11 19:56:40,160547,capture_160547.jpg,0.004094,0.101991,0,0,none,-1,-1,-1,-1,170,435
2026-05-11 19:56:50,170362,capture_170362.jpg,0.002062,0.101052,0,0,none,-1,-1,-1,-1,170,462
2026-05-11 19:56:52,172253,capture_172253.jpg,0.007465,0.102939,0,0,none,-1,-1,-1,-1,170,467
2026-05-11 19:56:53,174144,capture_174144.jpg,0.015899,0.106377,1,5,open,110,40,255,199,170,472
2026-05-11 19:57:03,183239,capture_183239.jpg,0.012289,0.106322,1,1,fist,87,40,238,199,171,497
2026-05-11 19:57:06,186300,capture_186300.jpg,0.017364,0.108229,1,1,fist,72,40,240,199,170,505
2026-05-11 19:57:08,188641,capture_188641.jpg,0.011386,0.106182,1,1,fist,64,40,255,199,170,511
2026-05-11 19:57:11,191343,capture_191343.jpg,0.019014,0.109225,0,0,none,-1,-1,-1,-1,171,518
2026-05-11 19:57:12,192693,capture_192693.jpg,0.021089,0.110186,0,0,none,-1,-1,-1,-1,170,521
2026-05-11 19:57:14,194764,capture_194764.jpg,0.023428,0.11129,0,0,none,-1,-1,-1,-1,170,526
2026-05-11 19:57:18,198276,capture_198276.jpg,0.004033,0.102974,0,0,none,-1,-1,-1,-1,170,535
2026-05-11 19:57:20,200257,capture_200257.jpg,0.012473,0.105036,0,0,none,-1,-1,-1,-1,170,540
2026-05-11 19:57:21,201968,capture_201968.jpg,0.018177,0.107909,1,1,fist,84,40,233,199,170,544
2026-05-11 19:57:23,203949,capture_203949.jpg,0.01005,0.104897,1,5,open,83,40,255,199,170,549
2026-05-11 19:57:26,206290,capture_206290.jpg,0.009332,0.104476,1,1,fist,64,40,227,199,170,555
2026-05-11 19:57:28,208271,capture_208271.jpg,0.009123,0.104543,1,1,fist,65,60,182,199,170,560
2026-05-11 19:57:29,209892,capture_209892.jpg,0.006103,0.10341,1,1,fist,69,52,183,199,170,564
2026-05-11 19:57:31,211873,capture_211873.jpg,0.00756,0.103706,1,1,fist,71,45,183,199,170,569
2026-05-11 19:57:32,213134,capture_213134.jpg,0.003656,0.102193,1,1,fist,89,40,255,199,171,572
2026-05-11 19:57:34,215115,capture_215115.jpg,0.00297,0.101622,0,0,none,-1,-1,-1,-1,171,577
2026-05-11 19:57:36,216375,capture_216375.jpg,0.002989,0.101536,0,0,none,-1,-1,-1,-1,170,580
2026-05-11 19:57:37,217636,capture_217636.jpg,0.003351,0.10156,0,0,none,-1,-1,-1,-1,170,583
2026-05-11 19:57:52,233124,capture_233124.jpg,0.003273,0.101498,0,0,none,-1,-1,-1,-1,171,626
2026-05-11 19:57:55,235465,capture_235465.jpg,0.003168,0.101475,0,0,none,-1,-1,-1,-1,170,632
2026-05-11 19:57:56,237086,capture_237086.jpg,0.003859,0.101642,0,0,none,-1,-1,-1,-1,171,636
2026-05-11 19:57:58,238706,capture_238706.jpg,0.006429,0.102624,1,1,fist,81,40,234,199,170,640
2026-05-18 18:21:31,22148,capture_22148.jpg,0.000651,0.100247,0,0,none,-1,-1,-1,-1,170,57,open,0.968,0.262,0.691,1.592,0,True,touches_edge
2026-05-18 18:21:41,32323,capture_32323.jpg,2e-06,0.100023,0,0,none,-1,-1,-1,-1,170,85,none,0.85,0.01436130007558579,0.0,0.0,0,False,area_too_small
2026-05-18 18:21:52,42679,capture_42679.jpg,0.000349,0.100306,0,0,none,-1,-1,-1,-1,171,114,open,0.992,0.3399,0.34,0.75,2,True,peaks=2;extent_low=0.34;touches_edge
2026-05-18 18:22:00,51053,capture_51053.jpg,0.024076,0.110402,1,1,fist,64,40,255,199,171,137,open,0.985,0.4675,0.524,0.84,1,True,extent_low=0.52;touches_edge
2026-05-18 18:22:10,61408,capture_61408.jpg,0.002356,0.101043,0,0,none,-1,-1,-1,-1,170,165,open,0.992,0.2837,0.284,0.75,2,True,peaks=2;extent_low=0.28;touches_edge
2026-05-18 18:22:13,1798,capture_1798.jpg,0.012695,0.105664,0,0,none,-1,-1,-1,-1,369,1,open,0.992,0.2862,0.286,0.75,2,True,peaks=2;extent_low=0.29;touches_edge
2026-05-18 18:22:24,11973,capture_11973.jpg,0.018394,0.107563,0,0,none,-1,-1,-1,-1,170,29,open,0.993,0.361,0.361,0.75,3,True,peaks=3;extent_low=0.36;touches_edge
2026-05-18 18:22:34,22148,capture_22148.jpg,0.031249,0.113843,0,0,none,-1,-1,-1,-1,170,57,open,0.992,0.417,0.531,0.728,2,True,peaks=2;extent_low=0.53;touches_edge
2026-05-18 18:22:44,32323,capture_32323.jpg,0.011135,0.106538,0,0,none,-1,-1,-1,-1,170,85,open,0.993,0.3901,0.39,0.75,4,True,peaks=4;extent_low=0.39;touches_edge
2026-05-18 18:22:52,39977,capture_39977.jpg,0.016861,0.108545,0,0,none,-1,-1,-1,-1,170,106,open,0.993,0.3867,0.387,0.75,3,True,peaks=3;extent_low=0.39;touches_edge
2026-05-18 18:22:54,41958,capture_41958.jpg,0.015249,0.108027,0,0,none,-1,-1,-1,-1,170,111,open,0.992,0.3813,0.381,0.75,2,True,peaks=2;extent_low=0.38;touches_edge
2026-05-18 18:23:01,49252,capture_49252.jpg,0.015762,0.108541,0,0,none,-1,-1,-1,-1,170,131,open,0.993,0.3876,0.388,0.75,4,True,peaks=4;extent_low=0.39;touches_edge
2026-05-18 18:23:07,54835,capture_54835.jpg,0.013827,0.106609,0,0,none,-1,-1,-1,-1,171,146,open,0.993,0.3707,0.371,0.75,4,True,peaks=4;extent_low=0.37;touches_edge
2026-05-18 18:23:11,58797,capture_58797.jpg,0.013513,0.105909,0,0,none,-1,-1,-1,-1,171,156,open,0.993,0.3702,0.37,0.75,4,True,peaks=4;extent_low=0.37;touches_edge
2026-05-18 18:23:21,68882,capture_68882.jpg,0.02398,0.110296,0,0,none,-1,-1,-1,-1,171,183,open,0.992,0.1288,0.184,0.524,2,True,peaks=2;extent_low=0.18;touches_edge
2026-05-18 18:23:31,79237,capture_79237.jpg,0.00867,0.103392,0,0,none,-1,-1,-1,-1,170,211,open,0.994,0.4014,0.524,0.581,5,True,peaks=5;extent_low=0.52;touches_edge
2026-05-18 18:23:41,89592,capture_89592.jpg,0.007865,0.103435,0,0,none,-1,-1,-1,-1,170,239,open,0.993,0.1968,0.234,0.894,3,True,peaks=3;extent_low=0.23;touches_edge
2026-05-18 18:23:52,99947,capture_99947.jpg,4.9e-05,0.100091,0,0,none,-1,-1,-1,-1,170,267,none,0.85,0.02319538926681784,0.0,0.0,0,False,area_too_small
2026-05-18 18:24:02,110032,capture_110032.jpg,0.002152,0.100931,0,0,none,-1,-1,-1,-1,170,295,open,0.992,0.1309,0.131,0.75,2,True,peaks=2;extent_low=0.13;touches_edge
2026-05-18 18:24:08,1798,capture_1798.jpg,0.0,0.100028,0,0,none,-1,-1,-1,-1,369,1,open,0.984,0.0568,0.685,0.867,2,True,peaks=2
2026-05-18 18:24:18,12153,capture_12153.jpg,0.000112,0.100113,0,0,none,-1,-1,-1,-1,170,30,none,0.85,0.0,0.0,0.0,0,False,area_too_small
2026-05-18 18:24:25,18276,capture_18276.jpg,1e-06,0.100023,0,0,none,-1,-1,-1,-1,164,47,none,0.85,0.0,0.0,0.0,0,False,area_too_small
2026-05-18 18:24:30,23589,capture_23589.jpg,0.014853,0.105642,1,1,fist,64,40,212,199,170,62,open,0.993,0.3536,0.354,0.75,4,True,peaks=4;extent_low=0.35;touches_edge
2026-05-18 18:24:35,28902,capture_28902.jpg,0.000667,0.100564,0,0,none,-1,-1,-1,-1,171,76,none,0.3,0.0364,0.752,0.61,0,True,no_strong_evidence
2026-05-18 18:24:41,34034,capture_34034.jpg,0.023141,0.108981,0,0,none,-1,-1,-1,-1,170,90,open,0.993,0.4192,0.419,0.75,4,True,peaks=4;extent_low=0.42;touches_edge
2026-05-18 18:24:46,39257,capture_39257.jpg,0.032406,0.112778,0,0,none,-1,-1,-1,-1,170,104,open,0.994,0.399,0.399,0.75,5,True,peaks=5;extent_low=0.40;touches_edge
2026-05-18 18:24:51,44479,capture_44479.jpg,0.027693,0.111884,0,0,none,-1,-1,-1,-1,170,118,open,0.994,0.4777,0.478,0.75,5,True,peaks=5;extent_low=0.48;touches_edge
2026-05-18 18:24:56,49612,capture_49612.jpg,0.01414,0.106141,0,0,none,-1,-1,-1,-1,170,132,open,0.993,0.1866,0.536,0.723,4,True,peaks=4;extent_low=0.54;touches_edge
2026-05-18 18:25:01,54745,capture_54745.jpg,0.012608,0.105067,1,5,open,113,60,255,199,171,146,open,0.993,0.2299,0.426,0.894,3,True,peaks=3;extent_low=0.43;touches_edge
2026-05-18 18:25:06,59877,capture_59877.jpg,0.013287,0.105718,1,1,fist,146,54,255,199,170,160,open,0.993,0.2149,0.475,1.13,3,True,peaks=3;extent_low=0.48;touches_edge
2026-05-18 18:25:11,65010,capture_65010.jpg,0.013604,0.10598,1,1,fist,131,40,255,159,171,174,open,0.994,0.281,0.463,1.235,3,True,peaks=3;extent_low=0.46;touches_edge;tall_sparse
2026-05-18 18:25:17,70232,capture_70232.jpg,0.012036,0.105535,1,1,fist,144,40,255,155,170,188,open,0.994,0.2547,0.459,1.33,3,True,peaks=3;extent_low=0.46;touches_edge;tall_sparse
2026-05-18 18:25:22,75455,capture_75455.jpg,0.008351,0.103651,1,5,open,111,40,255,184,170,202,open,0.992,0.2862,0.435,1.052,2,True,peaks=2;extent_low=0.44;touches_edge
2026-05-18 18:25:27,80678,capture_80678.jpg,0.002546,0.101573,1,1,fist,-1,-1,-1,-1,171,216,none,0.85,0.0,0.0,0.0,0,False,area_too_small
2026-05-18 18:25:32,85990,capture_85990.jpg,3.4e-05,0.100076,0,0,none,-1,-1,-1,-1,170,231,none,0.85,0.0,0.0,0.0,0,False,area_too_small
2026-05-18 18:25:37,91033,capture_91033.jpg,0.000706,0.100367,0,0,none,-1,-1,-1,-1,171,245,open,0.985,0.3664,0.38,0.778,1,True,extent_low=0.38;touches_edge
2026-05-18 18:25:43,96165,capture_96165.jpg,0.000795,0.100437,0,0,none,-1,-1,-1,-1,170,259,open,0.968,0.14,0.72,2.333,0,True,touches_edge
2026-05-18 18:25:48,101298,capture_101298.jpg,0.005628,0.10196,0,0,none,-1,-1,-1,-1,170,273,open,0.993,0.284,0.456,0.628,3,True,peaks=3;extent_low=0.46;touches_edge
2026-05-18 18:25:53,106520,capture_106520.jpg,0.012576,0.106035,1,1,fist,157,97,255,199,170,287,open,0.993,0.157,0.508,0.906,4,True,peaks=4;extent_low=0.51;touches_edge
2026-05-18 18:25:58,111653,capture_111653.jpg,0.000362,0.100382,0,0,none,-1,-1,-1,-1,170,301,none,0.85,0.0,0.0,0.0,0,False,area_too_small
2026-05-18 18:26:03,116696,capture_116696.jpg,6e-06,0.100037,0,0,none,-1,-1,-1,-1,171,315,none,0.85,0.0,0.0,0.0,0,False,area_too_small
2026-05-18 18:26:09,122008,capture_122008.jpg,0.0,0.111162,0,0,none,-1,-1,-1,-1,170,330,open,0.994,0.448,0.448,0.75,5,True,peaks=5;extent_low=0.45;touches_edge
2026-05-18 18:26:13,127141,capture_127141.jpg,0.0,0.101561,0,0,none,-1,-1,-1,-1,80,344,none,0.85,0.0,0.0,0.0,0,False,area_too_small
2026-05-18 18:26:19,132183,capture_132183.jpg,0.0,0.101895,1,1,fist,64,40,110,199,170,358,open,0.985,0.2795,0.28,0.75,1,True,extent_low=0.28;touches_edge
2026-05-18 18:26:24,137406,capture_137406.jpg,0.0,0.100446,0,0,none,-1,-1,-1,-1,170,372,none,0.85,0.0143140589569161,0.0,0.0,0,False,area_too_small
2026-05-18 20:45:07,194314,capture_194314.jpg,0.0,0.100022,0,0,none,-1,-1,-1,-1,170,516,none,0.9,0.0,0.0,0.0,0,False,image_too_dark(mean=8.3)
2026-05-18 20:45:18,204399,capture_204399.jpg,2.1e-05,0.100036,0,0,none,-1,-1,-1,-1,170,543,none,0.9,0.0,0.0,0.0,0,False,image_too_dark(mean=8.5)
2026-05-18 20:45:28,214484,capture_214484.jpg,0.002693,0.101525,0,0,none,-1,-1,-1,-1,170,570,none,0.7,0.3977,0.41,0.773,1,True,touches_edge_sparse;weak_evidence
2026-05-18 20:45:38,224659,capture_224659.jpg,0.005391,0.103028,0,0,none,-1,-1,-1,-1,170,597,none,0.7,0.3553,0.569,1.2,1,True,touches_edge_sparse;weak_evidence
2026-05-18 20:45:48,234834,capture_234834.jpg,0.014415,0.105951,0,0,none,-1,-1,-1,-1,170,624,open,0.991,0.3668,0.367,0.75,4,True,peaks=4;touches_edge_sparse
2026-05-18 20:45:58,245100,capture_245100.jpg,0.027748,0.112422,0,0,none,-1,-1,-1,-1,170,651,open,0.99,0.3484,0.372,0.738,3,True,peaks=3;touches_edge_sparse
2026-05-18 20:46:08,255185,capture_255185.jpg,0.002452,0.101868,0,0,none,-1,-1,-1,-1,170,678,none,0.85,0.0,0.0,0.0,0,False,image_too_flat(std=6.7)
2026-05-18 20:46:19,265270,capture_265270.jpg,0.012333,0.105403,0,0,none,-1,-1,-1,-1,170,705,open,0.984,0.4604,0.46,0.75,2,True,peaks=2;touches_edge_sparse
2026-05-18 20:46:29,275355,capture_275355.jpg,0.029546,0.112508,0,0,none,-1,-1,-1,-1,171,732,open,0.99,0.4672,0.467,0.75,3,True,peaks=3;touches_edge_sparse
2026-05-18 20:46:39,285620,capture_285620.jpg,0.028343,0.112176,0,0,none,-1,-1,-1,-1,171,759,open,0.99,0.3192,0.429,1.008,2,True,peaks=2;extent_low=0.43;touches_edge_sparse
2026-05-18 20:46:49,295885,capture_295885.jpg,0.021063,0.108707,0,0,none,-1,-1,-1,-1,171,786,none,0.7,0.382,0.382,0.75,1,True,touches_edge_sparse;weak_evidence
2026-05-18 20:46:59,305970,capture_305970.jpg,0.00013,0.100134,0,0,none,-1,-1,-1,-1,170,813,none,0.85,0.04662698412698413,0.0,0.0,0,False,area_too_small(0.047)
2026-05-18 20:47:09,316055,capture_316055.jpg,0.009156,0.103684,0,0,none,-1,-1,-1,-1,170,840,open,0.991,0.338,0.463,0.548,5,True,peaks=5;touches_edge_sparse
2026-05-18 20:47:20,326320,capture_326320.jpg,0.000342,0.100311,0,0,none,-1,-1,-1,-1,170,867,open,0.991,0.3056,0.41,0.56,4,True,peaks=4;touches_edge_sparse
2026-05-18 20:47:28,334694,capture_334694.jpg,0.000229,0.100139,0,0,none,-1,-1,-1,-1,165,889,open,0.991,0.3099,0.424,0.548,4,True,peaks=4;touches_edge_sparse
2026-05-18 20:47:33,339827,capture_339827.jpg,0.000536,0.100164,0,0,none,-1,-1,-1,-1,171,902,open,0.991,0.3718,0.515,0.542,5,True,peaks=5;touches_edge_sparse
2026-05-18 20:47:38,344959,capture_344959.jpg,0.000106,0.100062,0,0,none,-1,-1,-1,-1,170,915,none,0.7,0.3159,0.612,0.387,1,True,touches_edge_sparse;weak_evidence
2026-05-18 20:47:43,350002,capture_350002.jpg,8e-06,0.100027,0,0,none,-1,-1,-1,-1,170,928,none,0.7,0.2959,0.533,0.417,1,True,touches_edge_sparse;weak_evidence
2026-05-18 20:47:52,2158,capture_2158.jpg,0.0,0.100021,0,0,none,-1,-1,-1,-1,368,1,none,0.75,0.1224,0.582,1.585,1,True,tall_sparse;weak_evidence
2026-05-18 20:49:39,2159,capture_2159.jpg,0.0,0.100021,0,0,none,-1,-1,-1,-1,368,1,none,0.9,0.0,0.0,0.0,0,False,image_too_dark(mean=6.3)
2026-05-18 20:50:19,12513,capture_12513.jpg,0.007073,0.102353,0,0,none,-1,-1,-1,-1,170,29,open,0.993,0.2903,0.29,0.75,4,True,peaks=4;sparse_extent=0.29;edge_open_bias
2026-05-18 20:50:29,22688,capture_22688.jpg,0.002038,0.101255,0,0,none,-1,-1,-1,-1,170,56,none,0.9,0.0,0.0,0.0,0,False,image_too_dark(mean=9.1)
2026-05-18 20:50:40,33044,capture_33044.jpg,0.018613,0.108186,0,0,none,-1,-1,-1,-1,170,84,open,0.993,0.449,0.449,0.75,4,True,peaks=4;sparse_extent=0.45;edge_open_bias
2026-05-18 20:50:50,43129,capture_43129.jpg,4.2e-05,0.100094,0,0,none,-1,-1,-1,-1,170,111,none,0.9,0.0,0.0,0.0,0,False,image_too_dark(mean=6.9)
2026-05-18 20:51:00,53484,capture_53484.jpg,0.011692,0.104608,0,0,none,-1,-1,-1,-1,171,139,none,0.9,0.0,0.0,0.0,0,False,image_too_dark(mean=18.7)
2026-05-18 20:51:10,63569,capture_63569.jpg,2.4e-05,0.100062,0,0,none,-1,-1,-1,-1,171,166,fist,0.988,0.2476,0.588,1.1,1,True,no_peaks(peaks=1);square_nopeaks
2026-05-18 20:51:21,73654,capture_73654.jpg,0.000209,0.106864,0,0,none,-1,-1,-1,-1,171,193,fist,0.988,0.3125,0.587,1.173,1,True,no_peaks(peaks=1);square_nopeaks
2026-05-18 20:51:31,83829,capture_83829.jpg,0.0,0.104201,0,0,none,-1,-1,-1,-1,170,220,fist,0.988,0.353,0.56,1.189,0,True,no_peaks(peaks=0);square_nopeaks
2026-05-18 20:51:41,94004,capture_94004.jpg,0.0,0.103125,0,0,none,-1,-1,-1,-1,170,247,none,0.9,0.0,0.0,0.0,0,False,image_too_dark(mean=24.0)
2026-05-18 20:51:51,104179,capture_104179.jpg,0.0,0.100066,0,0,none,-1,-1,-1,-1,170,274,none,0.9,0.0,0.0,0.0,0,False,image_too_dark(mean=5.8)
2026-05-18 20:52:01,114264,capture_114264.jpg,0.0,0.10057,0,0,none,-1,-1,-1,-1,170,301,fist,0.988,0.431,0.532,0.926,0,True,no_peaks(peaks=0);square_nopeaks
2026-05-18 20:52:11,124439,capture_124439.jpg,0.0,0.10935,0,0,none,-1,-1,-1,-1,170,328,open,0.991,0.4028,0.517,0.962,3,True,peaks=3;edge_open_bias
2026-05-18 20:52:22,134614,capture_134614.jpg,0.0,0.109691,0,0,none,-1,-1,-1,-1,170,355,open,0.992,0.3412,0.37,0.813,3,True,peaks=3;sparse_extent=0.37;edge_open_bias
2026-05-18 20:52:32,144789,capture_144789.jpg,0.0,0.100133,0,0,none,-1,-1,-1,-1,170,382,none,0.9,0.0,0.0,0.0,0,False,image_too_dark(mean=7.3)
2026-05-18 20:52:42,155145,capture_155145.jpg,0.0,0.100021,0,0,none,-1,-1,-1,-1,170,410,none,0.9,0.0,0.0,0.0,0,False,image_too_dark(mean=7.3)
2026-05-18 20:52:52,165500,capture_165500.jpg,0.0,0.109571,0,0,none,-1,-1,-1,-1,171,438,open,0.992,0.4087,0.409,0.75,3,True,peaks=3;sparse_extent=0.41;edge_open_bias
2026-05-18 20:53:02,175675,capture_175675.jpg,0.0,0.100093,0,0,none,-1,-1,-1,-1,171,465,none,0.9,0.0,0.0,0.0,0,False,image_too_dark(mean=7.2)
2026-05-18 20:53:13,186030,capture_186030.jpg,0.0,0.109762,0,0,none,-1,-1,-1,-1,170,493,open,0.993,0.4608,0.461,0.75,4,True,peaks=4;sparse_extent=0.46;edge_open_bias
2026-05-18 20:53:23,196295,capture_196295.jpg,0.0,0.100532,0,0,none,-1,-1,-1,-1,170,520,none,0.9,0.0,0.0,0.0,0,False,image_too_dark(mean=10.1)
2026-05-18 20:53:34,206650,capture_206650.jpg,1.1e-05,0.100194,0,0,none,-1,-1,-1,-1,170,548,open,0.992,0.433,0.433,0.75,3,True,peaks=3;sparse_extent=0.43;edge_open_bias
2026-05-18 20:53:44,216825,capture_216825.jpg,6.3e-05,0.100409,0,0,none,-1,-1,-1,-1,170,575,none,0.9,0.0,0.0,0.0,0,False,image_too_dark(mean=14.5)
2026-05-18 20:53:54,227181,capture_227181.jpg,2.2e-05,0.102736,0,0,none,-1,-1,-1,-1,170,603,open,0.992,0.407,0.407,0.75,3,True,peaks=3;sparse_extent=0.41;edge_open_bias
2026-05-18 20:54:04,237446,capture_237446.jpg,0.0,0.107615,0,0,none,-1,-1,-1,-1,171,630,open,0.988,0.3513,0.615,1.018,2,True,peaks=2;edge_open_bias
2026-05-18 20:54:15,247621,capture_247621.jpg,0.0,0.107682,0,0,none,-1,-1,-1,-1,171,657,none,0.9,0.0,0.0,0.0,0,False,image_too_dark(mean=22.2)
2026-05-18 20:54:25,2158,capture_2158.jpg,0.0,0.100021,0,0,none,-1,-1,-1,-1,368,1,none,0.9,0.0,0.0,0.0,0,False,image_too_dark(mean=7.0)
2026-05-18 20:54:35,12243,capture_12243.jpg,0.0,0.100021,0,0,none,-1,-1,-1,-1,170,28,none,0.9,0.0,0.0,0.0,0,False,image_too_dark(mean=5.7)
2026-05-18 20:54:45,22328,capture_22328.jpg,0.0,0.100021,0,0,none,-1,-1,-1,-1,170,55,none,0.9,0.0,0.0,0.0,0,False,image_too_dark(mean=6.0)
2026-05-28 14:25:29,2158,capture_2158_fist_99.jpg,0.0,0.100021,0,0,none,-1,-1,-1,-1,368,1,fist,0.991,0.1857,0.775,0.686,0,True,no_peaks(peaks=0);compact_extent=0.77;square_nopeaks
2026-05-28 14:25:40,12513,capture_12513_open_99.jpg,0.002755,0.101232,0,0,none,-1,-1,-1,-1,170,29,open,0.993,0.2446,0.285,0.643,2,True,peaks=2;sparse_extent=0.29;edge_open_bias;rotated_open(asp=0.64)
2026-05-28 14:25:48,2158,capture_2158_open_99.jpg,0.0,0.100021,0,0,none,-1,-1,-1,-1,351,1,open,0.992,0.3414,0.354,0.778,3,True,peaks=3;sparse_extent=0.35;edge_open_bias
2026-05-28 14:25:58,12423,capture_12423_open_99.jpg,0.027879,0.11164,0,0,none,-1,-1,-1,-1,170,28,open,0.992,0.2372,0.237,0.75,3,True,peaks=3;sparse_extent=0.24;edge_open_bias
2026-05-28 14:26:08,22779,capture_22779_open_99.jpg,0.002579,0.101313,0,0,none,-1,-1,-1,-1,170,55,open,0.994,0.4076,0.577,0.53,3,True,peaks=3;edge_open_bias;rotated_open(asp=0.53)
2026-05-28 14:26:19,33044,capture_33044_none_85.jpg,0.010489,0.105755,0,0,none,-1,-1,-1,-1,170,82,none,0.85,0.026502267573696146,0.0,0.0,0,False,area_too_small(0.027)
2026-05-28 14:26:29,43219,capture_43219_open_99.jpg,0.02781,0.113793,0,0,none,-1,-1,-1,-1,171,109,open,0.987,0.128,0.137,0.738,2,True,peaks=2;sparse_extent=0.14
2026-05-28 14:26:40,2158,capture_2158_open_99.jpg,0.001172,0.100623,0,0,none,-1,-1,-1,-1,368,1,open,0.99,0.3892,0.389,0.75,2,True,peaks=2;sparse_extent=0.39;edge_open_bias
2026-05-28 14:26:50,12243,capture_12243_open_99.jpg,0.001737,0.10109,0,0,none,-1,-1,-1,-1,170,28,open,0.992,0.3766,0.438,0.778,3,True,peaks=3;sparse_extent=0.44;edge_open_bias
2026-05-28 14:27:00,22418,capture_22418_open_99.jpg,0.000578,0.100416,0,0,none,-1,-1,-1,-1,170,55,open,0.99,0.2863,0.286,0.75,2,True,peaks=2;sparse_extent=0.29;edge_open_bias
2026-05-28 14:27:10,32593,capture_32593_fist_99.jpg,7e-06,0.100034,0,0,none,-1,-1,-1,-1,170,82,fist,0.988,0.1736,0.174,0.75,1,True,no_peaks(peaks=1);square_nopeaks
2026-05-28 14:27:20,42769,capture_42769_fist_99.jpg,0.009192,0.10409,0,0,none,-1,-1,-1,-1,170,109,fist,0.988,0.3953,0.609,1.156,1,True,no_peaks(peaks=1);square_nopeaks
2026-05-28 14:27:25,47181,capture_47181_fist_99.jpg,0.004271,0.10214,0,0,none,-1,-1,-1,-1,171,120,fist,0.988,0.2192,0.392,1.34,0,True,no_peaks(peaks=0);square_nopeaks
2026-05-28 14:27:29,51323,capture_51323_fist_99.jpg,0.005627,0.103095,0,0,none,-1,-1,-1,-1,171,130,fist,0.988,0.1986,0.265,1.0,0,True,no_peaks(peaks=0);square_nopeaks
2026-05-28 14:27:33,55645,capture_55645_fist_99.jpg,0.01686,0.108152,0,0,none,-1,-1,-1,-1,170,141,fist,0.988,0.2132,0.213,0.75,0,True,no_peaks(peaks=0);square_nopeaks
2026-05-28 14:27:37,59697,capture_59697_open_99.jpg,0.007874,0.104035,1,1,fist,84,140,255,199,170,151,open,0.987,0.1052,0.232,0.586,2,True,peaks=2;sparse_extent=0.23;small_at_edge
2026-05-28 14:27:41,63839,capture_63839_open_99.jpg,0.0157,0.107286,0,0,none,-1,-1,-1,-1,170,161,open,0.99,0.4365,0.458,0.787,2,True,peaks=2;sparse_extent=0.46;edge_open_bias
2026-05-28 14:27:45,67891,capture_67891_open_99.jpg,0.00352,0.102145,0,0,none,-1,-1,-1,-1,170,171,open,0.994,0.4172,0.491,0.637,3,True,peaks=3;sparse_extent=0.49;edge_open_bias;rotated_open(asp=0.64)
2026-05-28 14:27:49,72033,capture_72033_open_99.jpg,0.010301,0.105426,0,0,none,-1,-1,-1,-1,170,181,open,0.99,0.3078,0.308,0.75,2,True,peaks=2;sparse_extent=0.31;edge_open_bias
2026-05-28 14:27:53,76085,capture_76085_fist_98.jpg,0.006608,0.103664,1,1,fist,207,118,255,198,170,191,fist,0.982,0.1136,0.315,0.642,1,True,no_peaks(peaks=1);small_at_edge
2026-05-28 14:27:58,80137,capture_80137_fist_99.jpg,0.006071,0.103892,0,0,none,-1,-1,-1,-1,170,201,fist,0.988,0.3214,0.321,0.75,0,True,no_peaks(peaks=0);square_nopeaks
2026-05-28 14:28:02,84279,capture_84279_fist_99.jpg,0.010083,0.104552,0,0,none,-1,-1,-1,-1,170,211,fist,0.988,0.3778,0.575,0.823,1,True,no_peaks(peaks=1);square_nopeaks
2026-05-28 14:28:06,88331,capture_88331_fist_99.jpg,0.001403,0.100909,0,0,none,-1,-1,-1,-1,170,221,fist,0.988,0.2046,0.225,0.824,1,True,no_peaks(peaks=1);square_nopeaks
2026-05-28 14:28:10,92473,capture_92473_fist_99.jpg,0.004415,0.102825,0,0,none,-1,-1,-1,-1,170,231,fist,0.988,0.1339,0.246,1.108,0,True,no_peaks(peaks=0);square_nopeaks
2026-05-28 14:28:14,96796,capture_96796_open_99.jpg,0.01055,0.10593,0,0,none,-1,-1,-1,-1,170,242,open,0.99,0.3942,0.404,0.732,2,True,peaks=2;sparse_extent=0.40;edge_open_bias
2026-05-28 14:28:18,100938,capture_100938_open_99.jpg,0.000881,0.100848,0,0,none,-1,-1,-1,-1,170,252,open,0.992,0.449,0.747,0.802,5,True,peaks=5;edge_open_bias
2026-05-28 14:28:22,104990,capture_104990_fist_99.jpg,5e-05,0.10011,0,0,none,-1,-1,-1,-1,170,262,fist,0.988,0.1144,0.114,0.75,0,True,no_peaks(peaks=0);square_nopeaks;small_at_edge
2026-05-28 14:28:27,109312,capture_109312_none_100.jpg,2e-06,0.100029,0,0,none,-1,-1,-1,-1,171,273,none,1.0,0.1567,0.675,3.231,1,True,"no_hand(area=0.16,asp=3.23)"
2026-05-28 14:28:31,113634,capture_113634_none_100.jpg,0.0,0.100022,0,0,none,-1,-1,-1,-1,170,284,none,1.0,0.1369,0.676,3.706,1,True,"no_hand(area=0.14,asp=3.71)"
2026-05-28 14:28:35,117956,capture_117956_none_100.jpg,0.0,0.100021,0,0,none,-1,-1,-1,-1,170,295,none,1.0,0.159,0.651,3.073,1,True,"no_hand(area=0.16,asp=3.07)"
2026-05-28 14:28:40,122278,capture_122278_open_99.jpg,0.0,0.100021,0,0,none,-1,-1,-1,-1,170,306,open,0.993,0.2243,0.711,2.377,2,True,peaks=2;tall_with_peaks;edge_open_bias;rotated_open(asp=2.38)
2026-05-28 14:28:44,126600,capture_126600_open_99.jpg,0.0,0.100021,0,0,none,-1,-1,-1,-1,170,317,open,0.991,0.4314,0.641,1.115,3,True,peaks=3;edge_open_bias
2026-05-28 14:28:48,130652,capture_130652_open_99.jpg,0.0,0.100021,0,0,none,-1,-1,-1,-1,170,327,open,0.99,0.3514,0.694,1.482,2,True,peaks=2;tall_with_peaks;edge_open_bias
2026-05-28 14:28:52,134704,capture_134704_fist_99.jpg,0.0,0.100021,0,0,none,-1,-1,-1,-1,170,337,fist,0.988,0.3202,0.32,0.75,0,True,no_peaks(peaks=0);square_nopeaks
2026-05-28 14:28:56,139027,capture_139027_open_99.jpg,0.0,0.100021,0,0,none,-1,-1,-1,-1,170,348,open,0.99,0.3002,0.701,1.75,2,True,peaks=2;tall_with_peaks;edge_open_bias
2026-05-28 14:29:01,143349,capture_143349_open_99.jpg,0.0,0.100021,0,0,none,-1,-1,-1,-1,171,359,open,0.99,0.2952,0.689,1.75,2,True,peaks=2;tall_with_peaks;edge_open_bias
2026-05-28 14:29:05,147581,capture_147581_fist_98.jpg,0.0,0.100021,0,0,none,-1,-1,-1,-1,80,370,fist,0.982,0.3022,0.705,1.75,1,True,no_peaks(peaks=1)
2026-05-28 14:29:09,151903,capture_151903_fist_64.jpg,0.0,0.100021,0,0,none,-1,-1,-1,-1,170,381,fist,0.635,0.2626,0.802,2.291,1,True,no_peaks(peaks=1);compact_extent=0.80;rotated_open(asp=2.29)
2026-05-28 14:29:14,156225,capture_156225_fist_98.jpg,0.0,0.100021,0,0,none,-1,-1,-1,-1,170,392,fist,0.982,0.3417,0.7,1.537,1,True,no_peaks(peaks=1)
2026-05-28 14:29:18,160457,capture_160457_open_99.jpg,0.0,0.100021,0,0,none,-1,-1,-1,-1,170,403,open,0.99,0.3305,0.694,1.575,2,True,peaks=2;tall_with_peaks;edge_open_bias
2026-05-28 14:29:22,164780,capture_164780_fist_98.jpg,0.0,0.100021,0,0,none,-1,-1,-1,-1,170,414,fist,0.982,0.3368,0.699,1.556,1,True,no_peaks(peaks=1)
2026-05-28 14:29:26,169102,capture_169102_open_99.jpg,0.0,0.100021,0,0,none,-1,-1,-1,-1,171,425,open,0.99,0.3548,0.745,1.575,2,True,peaks=2;tall_with_peaks;edge_open_bias
2026-05-28 14:29:31,173424,capture_173424_fist_98.jpg,0.0,0.100021,0,0,none,-1,-1,-1,-1,171,436,fist,0.982,0.329,0.682,1.556,1,True,no_peaks(peaks=1)
2026-05-28 14:29:35,177746,capture_177746_open_99.jpg,0.0,0.100021,0,0,none,-1,-1,-1,-1,170,447,open,0.994,0.3653,0.677,0.405,3,True,peaks=3;edge_open_bias;rotated_open(asp=0.40)
2026-05-28 14:29:39,182068,capture_182068_open_99.jpg,0.0,0.100021,0,0,none,-1,-1,-1,-1,170,458,open,0.994,0.3545,0.657,0.405,3,True,peaks=3;edge_open_bias;rotated_open(asp=0.40)
